房号,楼栋,楼层,房型,户型代码,面积(平方米),朝向,12个月租金,6-11个月租金,2-5个月租金,1个月租金
A1001,A,10F,行政单间,S-35-A,51,南,12937,13972,14490,16171
A1002,A,10F,一房豪华式公寓,S-60-A,88,东 南,22200,23976,24864,27750
A1003,A,10F,行政单间,S-35-A,51,东,12271,13253,13743,15339
A1005,A,10F,行政单间,S-35-A,51,东,12271,13253,13743,15339
A1006,A,10F,行政单间,S-35-A,51,东,12271,13253,13743,15339
A1007,A,10F,行政单间,S-35-A,51,东,12271,13253,13743,15339
A1008,A,10F,行政单间,S-35-A,51,东,12271,13253,13743,15339
A1009,A,10F,行政单间,S-35-A,51,东,12271,13253,13743,15339
A1010,A,10F,行政单间,S-37-A,54,东,14313,15458,16030,17891
A1011,A,10F,一房豪华式公寓,S-48,70,东 北,18200,19656,20384,22750
A1012,A,10F,行政单间,S-37-A,54,北,15134,16345,16950,18918
A1013,A,10F,行政单间,S-39-A,57,北,15955,17232,17870,19944
A1015,A,10F,豪华行政单间,S-46,67,西 北,18693,20189,20936,23367
A1016,A,10F,行政单间,S-35-A,51,西,12271,13253,13743,15339
A1017,A,10F,行政单间,S-35-A,51,西,12271,13253,13743,15339
A1018,A,10F,行政单间,S-35-A,51,西,12271,13253,13743,15339
A1019,A,10F,行政单间,S-35-A,51,西,14040,15163,15725,17550
A1020,A,10F,行政单间,S-35-A,51,西,14600,15768,16352,18250
A1021,A,10F,行政单间,S-35-A,51,西,12271,13253,13743,15339
A1022,A,10F,两房行政公寓,S-74,108,西 南,29918,32312,33508,37398
A1023,A,10F,一房豪华式公寓,S-50,73,南,20100,21708,22512,25125
A1101,A,11F,行政单间,S-35-A,51,南,12987,14026,14546,16234
A1102,A,11F,一房豪华式公寓,S-60-A,88,东 南,22300,24084,24976,27875
A1103,A,11F,行政单间,S-35-A,51,东,12321,13307,13799,15401
A1105,A,11F,行政单间,S-35-A,51,东,12321,13307,13799,15401
A1106,A,11F,行政单间,S-35-A,51,东,12321,13307,13799,15401
A1107,A,11F,行政单间,S-35-A,51,东,12321,13307,13799,15401
A1108,A,11F,行政单间,S-35-A,51,东,12321,13307,13799,15401
A1109,A,11F,行政单间,S-35-A,51,东,12321,13307,13799,15401
A1110,A,11F,行政单间,S-37-A,54,东,14363,15512,16086,17953
A1111,A,11F,一房豪华式公寓,S-48,70,东 北,18300,19764,20496,22875
A1112,A,11F,行政单间,S-37-A,54,北,15184,16399,17006,18980
A1113,A,11F,行政单间,S-39-A,57,北,16005,17286,17926,20007
A1115,A,11F,豪华行政单间,S-46,67,西 北,18743,20243,20992,23429
A1116,A,11F,行政单间,S-35-A,51,西,12321,13307,13799,15401
A1117,A,11F,行政单间,S-35-A,51,西,12321,13307,13799,15401
A1118,A,11F,行政单间,S-35-A,51,西,12321,13307,13799,15401
A1119,A,11F,行政单间,S-35-A,51,西,14060,15185,15747,17575
A1120,A,11F,行政单间,S-35-A,51,西,14650,15822,16408,18312
A1121,A,11F,行政单间,S-35-A,51,西,12321,13307,13799,15401
A1122,A,11F,两房行政公寓,S-74,108,西 南,29968,32366,33564,37460
A1123,A,11F,一房豪华式公寓,S-50,73,南,20150,21762,22568,25188
A1201,A,12F,行政单间,S-35-A,51,南,13037,14080,14602,16296
A1202,A,12F,一房豪华式公寓,S-60-A,88,东 南,22400,24192,25088,28000
A1203,A,12F,行政单间,S-35-A,51,东,12371,13361,13855,15464
A1205,A,12F,行政单间,S-35-A,51,东,12371,13361,13855,15464
A1206,A,12F,行政单间,S-35-A,51,东,12371,13361,13855,15464
A1207,A,12F,行政单间,S-35-A,51,东,12371,13361,13855,15464
A1208,A,12F,行政单间,S-35-A,51,东,12371,13361,13855,15464
A1209,A,12F,行政单间,S-35-A,51,东,12371,13361,13855,15464
A1210,A,12F,行政单间,S-37-A,54,东,14413,15566,16142,18016
A1211,A,12F,一房豪华式公寓,S-48,70,东 北,18400,19872,20608,23000
A1212,A,12F,行政单间,S-37-A,54,北,15234,16453,17062,19043
A1213,A,12F,行政单间,S-39-A,57,北,16055,17340,17982,20069
A1215,A,12F,豪华行政单间,S-46,67,西 北,18793,20297,21048,23492
A1216,A,12F,行政单间,S-35-A,51,西,12371,13361,13855,15464
A1217,A,12F,行政单间,S-35-A,51,西,12371,13361,13855,15464
A1218,A,12F,行政单间,S-35-A,51,西,12371,13361,13855,15464
A1219,A,12F,行政单间,S-35-A,51,西,14080,15206,15770,17600
A1220,A,12F,行政单间,S-35-A,51,西,14700,15876,16464,18375
A1221,A,12F,行政单间,S-35-A,51,西,12371,13361,13855,15464
A1222,A,12F,两房行政公寓,S-74,108,西 南,30018,32420,33620,37523
A1223,A,12F,一房豪华式公寓,S-50,73,南,20200,21816,22624,25250
A1501,A,15F,行政单间,S-35-A,51,南,13087,14134,14658,16359
A1502,A,15F,一房豪华式公寓,S-60-A,88,东 南,22500,24300,25200,28125
A1503,A,15F,行政单间,S-35-A,51,东,12421,13415,13911,15526
A1505,A,15F,行政单间,S-35-A,51,东,12421,13415,13911,15526
A1506,A,15F,行政单间,S-35-A,51,东,12421,13415,13911,15526
A1507,A,15F,行政单间,S-35-A,51,东,12421,13415,13911,15526
A1508,A,15F,行政单间,S-35-A,51,东,12421,13415,13911,15526
A1509,A,15F,行政单间,S-35-A,51,东,12421,13415,13911,15526
A1510,A,15F,行政单间,S-37-A,54,东,14463,15620,16198,18078
A1511,A,15F,一房豪华式公寓,S-48,70,东 北,18500,19980,20720,23125
A1512,A,15F,行政单间,S-37-A,54,北,15284,16507,17118,19105
A1513,A,15F,行政单间,S-39-A,57,北,16105,17394,18038,20132
A1515,A,15F,豪华行政单间,S-46,67,西 北,18843,20351,21104,23554
A1516,A,15F,行政单间,S-35-A,51,西,12421,13415,13911,15526
A1517,A,15F,行政单间,S-35-A,51,西,12421,13415,13911,15526
A1518,A,15F,行政单间,S-35-A,51,西,12421,13415,13911,15526
A1519,A,15F,行政单间,S-35-A,51,西,14100,15228,15792,17625
A1520,A,15F,行政单间,S-35-A,51,西,14750,15930,16520,18438
A1521,A,15F,行政单间,S-35-A,51,西,12421,13415,13911,15526
A1522,A,15F,两房行政公寓,S-74,108,西 南,30068,32474,33676,37585
A1523,A,15F,一房豪华式公寓,S-50,73,南,20250,21870,22680,25312
A1601,A,16F,行政单间,S-35-A,51,南,13137,14188,14714,16421
A1602,A,16F,一房豪华式公寓,S-60-A,88,东 南,22600,24408,25312,28250
A1603,A,16F,行政单间,S-35-A,51,东,12471,13469,13967,15589
A1605,A,16F,行政单间,S-35-A,51,东,12471,13469,13967,15589
A1606,A,16F,行政单间,S-35-A,51,东,12471,13469,13967,15589
A1607,A,16F,行政单间,S-35-A,51,东,12471,13469,13967,15589
A1608,A,16F,行政单间,S-35-A,51,东,12471,13469,13967,15589
A1609,A,16F,行政单间,S-35-A,51,东,12471,13469,13967,15589
A1610,A,16F,行政单间,S-37-A,54,东,14513,15674,16254,18141
A1611,A,16F,一房豪华式公寓,S-48,70,东 北,18600,20088,20832,23250
A1612,A,16F,行政单间,S-37-A,54,北,15334,16561,17174,19168
A1613,A,16F,行政单间,S-39-A,57,北,15655,16908,17534,19569
A1615,A,16F,豪华行政单间,S-46,67,西 北,18893,20405,21160,23617
A1616,A,16F,行政单间,S-35-A,51,西,12471,13469,13967,15589
A1617,A,16F,行政单间,S-35-A,51,西,12471,13469,13967,15589
A1618,A,16F,行政单间,S-35-A,51,西,12471,13469,13967,15589
A1619,A,16F,行政单间,S-35-A,51,西,14120,15250,15814,17650
A1620,A,16F,行政单间,S-35-A,51,西,14800,15984,16576,18500
A1621,A,16F,行政单间,S-35-A,51,西,12471,13469,13967,15589
A1622,A,16F,两房行政公寓,S-74,108,西 南,30118,32528,33732,37648
A1623,A,16F,一房豪华式公寓,S-50,73,南,20300,21924,22736,25375
A1701,A,17F,行政单间,S-35-A,51,南,13187,14242,14770,16484
A1702,A,17F,一房豪华式公寓,S-60-A,88,东 南,22700,24516,25424,28375
A1703,A,17F,行政单间,S-35-A,51,东,12521,13523,14023,15651
A1705,A,17F,行政单间,S-35-A,51,东,12521,13523,14023,15651
A1706,A,17F,行政单间,S-35-A,51,东,12521,13523,14023,15651
A1707,A,17F,行政单间,S-35-A,51,东,12521,13523,14023,15651
A1708,A,17F,行政单间,S-35-A,51,东,12521,13523,14023,15651
A1709,A,17F,行政单间,S-35-A,51,东,12521,13523,14023,15651
A1710,A,17F,行政单间,S-37-A,54,东,14563,15728,16310,18203
A1711,A,17F,一房豪华式公寓,S-48,70,东 北,18700,20196,20944,23375
A1712,A,17F,行政单间,S-37-A,54,北,15384,16615,17230,19230
A1713,A,17F,行政单间,S-39-A,57,北,15705,16962,17590,19632
A1715,A,17F,豪华行政单间,S-46,67,西 北,18943,20459,21216,23679
A1716,A,17F,行政单间,S-35-A,51,西,12521,13523,14023,15651
A1717,A,17F,行政单间,S-35-A,51,西,12521,13523,14023,15651
A1718,A,17F,行政单间,S-35-A,51,西,12521,13523,14023,15651
A1719,A,17F,行政单间,S-35-A,51,西,14140,15271,15837,17675
A1720,A,17F,行政单间,S-35-A,51,西,14850,16038,16632,18562
A1721,A,17F,行政单间,S-35-A,51,西,12521,13523,14023,15651
A1722,A,17F,两房行政公寓,S-74,108,西 南,30168,32582,33788,37710
A1723,A,17F,一房豪华式公寓,S-50,73,南,20350,21978,22792,25438
A1801,A,18F,行政单间,S-35-A,51,南,13237,14296,14826,16546
A1802,A,18F,一房豪华式公寓,S-60-A,88,东 南,22800,24624,25536,28500
A1803,A,18F,行政单间,S-35-A,51,东,12571,13577,14079,15714
A1805,A,18F,行政单间,S-35-A,51,东,12571,13577,14079,15714
A1806,A,18F,行政单间,S-35-A,51,东,12571,13577,14079,15714
A1807,A,18F,行政单间,S-35-A,51,东,12571,13577,14079,15714
A1808,A,18F,行政单间,S-35-A,51,东,12571,13577,14079,15714
A1809,A,18F,行政单间,S-35-A,51,东,12571,13577,14079,15714
A1810,A,18F,行政单间,S-37-A,54,东,14613,15782,16366,18266
A1811,A,18F,一房豪华式公寓,S-48,70,东 北,18800,20304,21056,23500
A1812,A,18F,行政单间,S-37-A,54,北,15434,16669,17286,19293
A1813,A,18F,行政单间,S-39-A,57,北,15755,17016,17646,19694
A1815,A,18F,豪华行政单间,S-46,67,西 北,18993,20513,21272,23742
A1816,A,18F,行政单间,S-35-A,51,西,12571,13577,14079,15714
A1817,A,18F,行政单间,S-35-A,51,西,12571,13577,14079,15714
A1818,A,18F,行政单间,S-35-A,51,西,12571,13577,14079,15714
A1819,A,18F,行政单间,S-35-A,51,西,14160,15293,15859,17700
A1820,A,18F,行政单间,S-35-A,51,西,14900,16092,16688,18625
A1821,A,18F,行政单间,S-35-A,51,西,12571,13577,14079,15714
A1822,A,18F,两房行政公寓,S-74,108,西 南,30218,32636,33844,37773
A1823,A,18F,一房豪华式公寓,S-50,73,南,20400,22032,22848,25500
A1901,A,19F,行政单间,S-35-A,51,南,13287,14350,14882,16609
A1902,A,19F,一房豪华式公寓,S-60-A,88,东 南,22900,24732,25648,28625
A1903,A,19F,行政单间,S-35-A,51,东,12621,13631,14135,15776
A1905,A,19F,行政单间,S-35-A,51,东,12621,13631,14135,15776
A1906,A,19F,行政单间,S-35-A,51,东,12621,13631,14135,15776
A1907,A,19F,行政单间,S-35-A,51,东,12621,13631,14135,15776
A1908,A,19F,行政单间,S-35-A,51,东,12621,13631,14135,15776
A1909,A,19F,行政单间,S-35-A,51,东,12621,13631,14135,15776
A1910,A,19F,行政单间,S-37-A,54,东,14663,15836,16422,18328
A1911,A,19F,一房豪华式公寓,S-48,70,东 北,18900,20412,21168,23625
A1912,A,19F,行政单间,S-37-A,54,北,15484,16723,17342,19355
A1913,A,19F,行政单间,S-39-A,57,北,15805,17070,17702,19757
A1915,A,19F,豪华行政单间,S-46,67,西 北,19043,20567,21328,23804
A1916,A,19F,行政单间,S-35-A,51,西,12621,13631,14135,15776
A1917,A,19F,行政单间,S-35-A,51,西,12621,13631,14135,15776
A1918,A,19F,行政单间,S-35-A,51,西,12621,13631,14135,15776
A1919,A,19F,行政单间,S-35-A,51,西,14180,15314,15882,17725
A1920,A,19F,行政单间,S-35-A,51,西,14950,16146,16744,18688
A1921,A,19F,行政单间,S-35-A,51,西,12621,13631,14135,15776
A1922,A,19F,两房行政公寓,S-74,108,西 南,30268,32690,33900,37835
A1923,A,19F,一房豪华式公寓,S-50,73,南,20450,22086,22904,25562
A2001,A,20F,行政单间,S-35-A,51,南,13337,14404,14938,16671
A2002,A,20F,一房豪华式公寓,S-60-A,88,东 南,23000,24840,25760,28750
A2003,A,20F,行政单间,S-35-A,51,东,12671,13685,14191,15839
A2005,A,20F,行政单间,S-35-A,51,东,12671,13685,14191,15839
A2006,A,20F,行政单间,S-35-A,51,东,12671,13685,14191,15839
A2007,A,20F,行政单间,S-35-A,51,东,12671,13685,14191,15839
A2008,A,20F,行政单间,S-35-A,51,东,12671,13685,14191,15839
A2009,A,20F,行政单间,S-35-A,51,东,12671,13685,14191,15839
A201,A,2F,行政单间,S-39-A,57,南,13872,14981,15536,17339
A2010,A,20F,行政单间,S-37-A,54,东,14713,15890,16478,18391
A2011,A,20F,一房豪华式公寓,S-48,70,东 北,19000,20520,21280,23750
A2012,A,20F,行政单间,S-37-A,54,北,15534,16777,17398,19418
A2013,A,20F,行政单间,S-39-A,57,北,15855,17124,17758,19819
A2015,A,20F,豪华行政单间,S-46,67,西 北,19093,20621,21384,23867
A2016,A,20F,行政单间,S-35-A,51,西,12671,13685,14191,15839
A2017,A,20F,行政单间,S-35-A,51,西,12671,13685,14191,15839
A2018,A,20F,行政单间,S-35-A,51,西,12671,13685,14191,15839
A2019,A,20F,行政单间,S-35-A,51,西,14200,15336,15904,17750
A202,A,2F,行政单间,S-39-A,57,南,15605,16853,17478,19506
A2020,A,20F,行政单间,S-35-A,51,西,15000,16200,16800,18750
A2021,A,20F,行政单间,S-35-A,51,西,12671,13685,14191,15839
A2022,A,20F,两房行政公寓,S-74,108,西 南,30318,32744,33956,37898
A2023,A,20F,一房豪华式公寓,S-50,73,南,20500,22140,22960,25625
A203,A,2F,行政单间,S-39-A,57,南,13872,14981,15536,17339
A205,A,2F,行政单间,S-47,69,东,13872,14981,15536,17339
A206,A,2F,行政单间,S-39-A,57,东,13872,14981,15536,17339
A207,A,2F,行政单间,S-39-A,57,东,13872,14981,15536,17339
A208,A,2F,行政单间,S-39-A,57,东,13872,14981,15536,17339
A209,A,2F,行政单间,S-39-A,57,东,13872,14981,15536,17339
A210,A,2F,行政单间,S-39-A,57,东,13872,14981,15536,17339
A2101,A,21F,行政单间,S-35-A,51,南,13387,14458,14994,16734
A2102,A,21F,一房豪华式公寓,S-60-A,51,东 南,23100,24948,25872,28875
A2103,A,21F,行政单间,S-35-A,51,东,12721,13739,14247,15901
A2105,A,21F,行政单间,S-35-A,51,东,12721,13739,14247,15901
A2106,A,21F,行政单间,S-35-A,51,东,12721,13739,14247,15901
A2107,A,21F,行政单间,S-35-A,51,东,12721,13739,14247,15901
A2108,A,21F,行政单间,S-35-A,51,东,12721,13739,14247,15901
A2109,A,21F,行政单间,S-35-A,51,东,12721,13739,14247,15901
A211,A,2F,行政单间,S-43,63,东,15700,16956,17584,19625
A2110,A,21F,行政单间,S-37-A,54,东,14763,15944,16534,18453
A2111,A,21F,一房豪华式公寓,S-48,72,东 北,19100,20628,21392,23875
A2112,A,21F,行政单间,S-37-A,79,北,15584,16831,17454,19480
A2113,A,21F,行政单间,S-39-A,57,北,15905,17178,17814,19882
A2115,A,21F,豪华行政单间,S-46,51,西 北,19143,20675,21440,23929
A2116,A,21F,行政单间,S-35-A,51,西,12721,13739,14247,15901
A2117,A,21F,行政单间,S-35-A,51,西,12721,13739,14247,15901
A2118,A,21F,行政单间,S-35-A,51,西,12721,13739,14247,15901
A2119,A,21F,行政单间,S-35-A,51,西,14220,15358,15926,17775
A212,A,2F,行政单间,S-43,63,西,15700,16956,17584,19625
A2120,A,21F,行政单间,S-35-A,51,西,15050,16254,16856,18812
A2121,A,21F,行政单间,S-35-A,51,西,12721,13739,14247,15901
A2122,A,21F,两房行政公寓,S-74,108,西 南,30368,32798,34012,37960
A2123,A,21F,一房豪华式公寓,S-50,73,南,20550,22194,23016,25688
A213,A,2F,行政单间,S-39-A,57,西,13872,14981,15536,17339
A215,A,2F,行政单间,S-39-A,57,西,13872,14981,15536,17339
A216,A,2F,行政单间,S-39-A,57,西,13872,14981,15536,17339
A217,A,2F,行政单间,S-39-A,57,西,13872,14981,15536,17339
A218,A,2F,行政单间,S-39-A,99,西,13872,14981,15536,17339
A219,A,2F,一房行政豪华式公寓,S-68,57,西,24093,26020,26984,30116
A220,A,2F,行政单间,S-39-A,88,北,14738,15918,16507,18423
A2201,A,22F,行政单间,S-35-A,51,南,13437,14512,15050,16796
A2202,A,22F,一房豪华式公寓,S-60-A,88,东 南,23200,25056,25984,29000
A2203,A,22F,行政单间,S-35-A,51,东,12771,13793,14303,15964
A2205,A,22F,行政单间,S-35-A,51,东,12771,13793,14303,15964
A2206,A,22F,行政单间,S-35-A,51,东,12771,13793,14303,15964
A2207,A,22F,行政单间,S-35-A,51,东,12771,13793,14303,15964
A2208,A,22F,行政单间,S-35-A,51,东,12771,13793,14303,15964
A2209,A,22F,行政单间,S-35-A,51,东,12771,13793,14303,15964
A2210,A,22F,行政单间,S-37-A,79,东,15634,16885,17510,19542
A2211,A,22F,行政单间,S-35-A,57,北,19200,20736,21504,24000
A2212,A,22F,行政单间,S-35-A,54,西 北,20075,21681,22484,25094
A2213,A,22F,行政单间,S-39-A,72,西,15634,16885,17478,19542
A2215,A,22F,行政单间,S-35-A,79,西,14813,15998,17478,18516
A2216,A,22F,行政单间,S-35-A,57,西,12771,13793,17478,15964
A2217,A,22F,行政单间,S-35-A,51,西,12771,13793,17478,15964
A2218,A,22F,行政单间,S-35-A,51,西,12771,13793,17478,15964
A2219,A,22F,两房行政公寓,S-74,108,西 南,30418,32852,34068,38023
A2220,A,22F,一房豪华式公寓,S-50,73,南,21000,22680,17478,26250
A2301,A,23F,行政单间,S-35-A,51,南,13487,14566,15106,16859
A2302,A,23F,一房豪华式公寓,S-60-A,88,东 南,23300,25164,26096,29125
A2303,A,23F,行政单间,S-35-A,51,东,12821,13847,14359,16026
A2305,A,23F,行政单间,S-35-A,51,东,12821,13847,14359,16026
A2306,A,23F,行政单间,S-35-A,51,东,12821,13847,14359,16026
A2307,A,23F,行政单间,S-35-A,51,东,12821,13847,14359,16026
A2308,A,23F,行政单间,S-35-A,51,东,12821,13847,14359,16026
A2309,A,23F,行政单间,S-35-A,51,东,12821,13847,14359,16026
A2312,A,23F,行政单间,S-37-A,54,西,14863,16052,16646,18578
A2313,A,23F,行政单间,S-35-A,51,西,14813,15998,16591,18516
A2315,A,23F,行政单间,S-35-A,51,西,14863,16052,16647,18579
A2316,A,23F,行政单间,S-35-A,51,西,12821,13847,14359,16026
A2317,A,23F,行政单间,S-35-A,51,西,12821,13847,14359,16026
A2318,A,23F,行政单间,S-35-A,51,西,12821,13847,14359,16026
A2319,A,23F,两房行政公寓,S-74,108,西 南,30468,32906,34124,38085
A2320,A,23F,一房豪华式公寓,S-50,73,南,21100,22788,23632,26375
A2501,A,25F,行政单间,S-35-A,51,南,13537,14620,15162,16921
A2502,A,25F,一房豪华式公寓,S-60-A,88,东 南,23400,25272,26208,29250
A2503,A,25F,行政单间,S-35-A,51,东,12871,13901,14415,16089
A2505,A,25F,行政单间,S-35-A,51,东,12871,13901,14415,16089
A2506,A,25F,行政单间,S-35-A,51,东,12871,13901,14415,16089
A2507,A,25F,行政单间,S-35-A,51,东,12871,13901,14415,16089
A2508,A,25F,行政单间,S-35-A,51,东,12871,13901,14415,16089
A2509,A,25F,行政单间,S-35-A,51,东,12871,13901,14415,16089
A2512,A,25F,行政单间,S-37-A,54,西,14913,16106,16702,18641
A2513,A,25F,行政单间,S-35-A,51,西,14863,16052,16647,18579
A2515,A,25F,行政单间,S-35-A,51,西,14913,16106,16703,18641
A2516,A,25F,行政单间,S-35-A,51,西,12871,13901,14415,16089
A2517,A,25F,行政单间,S-35-A,51,西,12871,13901,14415,16089
A2518,A,25F,行政单间,S-35-A,51,西,12871,13901,14415,16089
A2519,A,25F,两房行政公寓,S-74,108,西 南,30518,32960,34180,38148
A2520,A,25F,一房豪华式公寓,S-50,73,南,21200,22896,23744,26500
A301,A,3F,行政单间,S-39-A,57,南,13922,15035,15592,17402
A302,A,3F,行政单间,S-39-A,57,南,15655,16908,17534,19569
A303,A,3F,行政单间,S-39-A,57,南,13922,15035,15592,17402
A305,A,3F,行政单间,S-47,69,东,13922,15035,15592,17402
A306,A,3F,行政单间,S-39-A,57,东,13922,15035,15592,17402
A307,A,3F,行政单间,S-39-A,57,东,13922,15035,15592,17402
A308,A,3F,行政单间,S-39-A,57,东,13922,15035,15592,17402
A309,A,3F,行政单间,S-39-A,57,东,13922,15035,15592,17402
A310,A,3F,行政单间,S-39-A,57,东,13922,15035,15592,17402
A311,A,3F,行政单间,S-39-A,57,东,15655,16908,17534,19569
A312,A,3F,行政单间,S-39-A,57,东,15655,16908,17534,19569
A313,A,3F,行政单间,S-39-A,57,东,13922,15035,15592,17402
A315,A,3F,行政单间,S-39-A,57,东,13922,15035,15592,17402
A316,A,3F,行政单间,S-39-A,57,东,13922,15035,15592,17402
A317,A,3F,行政单间,S-39-A,57,东,13922,15035,15592,17402
A318,A,3F,行政单间,S-43,63,东,15332,16558,17171,19165
A319,A,3F,行政单间,S-43,63,西,17298,18682,19374,21622
A320,A,3F,行政单间,S-39-A,57,西,14788,15972,16563,18486
A321,A,3F,行政单间,S-39-A,57,西,14550,15714,16296,18188
A322,A,3F,行政单间,S-39-A,57,西,14550,15714,16296,18188
A323,A,3F,行政单间,S-39-A,57,西,14550,15714,16296,18188
A325,A,3F,行政单间,S-39-A,57,西,14550,15714,16296,18188
A326,A,3F,行政单间,S-39-A,57,西,14550,15714,16296,18188
A327,A,3F,行政单间,S-39-A,57,西,14550,15714,16296,18188
A328,A,3F,行政单间,S-39-A,57,西,14550,15714,16296,18188
A329,A,3F,行政单间,S-39-A,57,西,14550,15714,16296,18188
A330,A,3F,行政单间,S-39-A,80,西,14550,15714,16296,18188
A331,A,3F,行政单间,S-39-A,57,西,14550,15714,16296,18188
A332,A,3F,行政单间,S-39-A,57,西,14550,15714,16296,18188
A333,A,3F,行政单间,S-39-A,57,西,14550,15714,16296,18188
A335,A,3F,两房行政公寓,S-55,80,西 南,19719,21297,22085,24649
A336,A,3F,行政单间,S-39-A,57,南,14550,15714,16296,18188
A337,A,3F,行政单间,S-39-A,57,南,14550,15714,16296,18188
A501,A,5F,行政单间,S-39-A,57,南,13972,15089,15648,17464
A502,A,5F,行政单间,S-39-A,57,南,15705,16962,17590,19632
A503,A,5F,行政单间,S-39-A,57,南,13972,15089,15648,17464
A505,A,5F,行政单间,S-47,69,东,13972,15089,15648,17464
A506,A,5F,行政单间,S-39-A,57,东,13972,15089,15648,17464
A507,A,5F,行政单间,S-39-A,57,东,13972,15089,15648,17464
A508,A,5F,行政单间,S-39-A,57,东,13972,15089,15648,17464
A509,A,5F,行政单间,S-39-A,57,东,13972,15089,15648,17464
A510,A,5F,行政单间,S-39-A,57,东,13972,15089,15648,17464
A511,A,5F,行政单间,S-39-A,57,东,15705,16962,17590,19632
A512,A,5F,行政单间,S-39-A,57,东,15705,16962,17590,19632
A513,A,5F,行政单间,S-39-A,57,东,13972,15089,15648,17464
A515,A,5F,行政单间,S-39-A,57,东,13972,15089,15648,17464
A516,A,5F,行政单间,S-39-A,57,东,13972,15089,15648,17464
A517,A,5F,行政单间,S-39-A,57,东,13972,15089,15648,17464
A518,A,5F,行政单间,S-43,63,东,15382,16612,17227,19227
A519,A,5F,行政单间,S-43,63,西,17348,18736,19430,21685
A520,A,5F,行政单间,S-39-A,57,西,14838,16026,16619,18548
A521,A,5F,行政单间,S-39-A,57,西,14600,15768,16352,18250
A522,A,5F,行政单间,S-39-A,57,西,14600,15768,16352,18250
A523,A,5F,行政单间,S-39-A,57,西,14600,15768,16352,18250
A525,A,5F,行政单间,S-39-A,57,西,14600,15768,16352,18250
A526,A,5F,行政单间,S-39-A,57,西,14600,15768,16352,18250
A527,A,5F,行政单间,S-39-A,57,西,14600,15768,16352,18250
A528,A,5F,行政单间,S-39-A,57,西,14600,15768,16352,18250
A529,A,5F,行政单间,S-39-A,57,西,14600,15768,16352,18250
A530,A,5F,行政单间,S-39-A,57,西,14600,15768,16352,18250
A531,A,5F,行政单间,S-39-A,57,西,14600,15768,16352,18250
A532,A,5F,行政单间,S-39-A,57,西,14600,15768,16352,18250
A533,A,5F,两房行政公寓,S-39-A,57,西,14600,15768,16352,18250
A535,A,5F,行政单间,S-55,80,西 南,19769,21351,22141,24711
A536,A,5F,行政单间,S-39-A,57,南,14600,15768,16352,18250
A537,A,5F,行政单间,S-39-A,57,南,14600,15768,16352,18250
A601,A,6F,行政单间,S-39-A,57,南,14022,15143,15704,17527
A602,A,6F,行政单间,S-39-A,57,南,15755,17016,17646,19694
A603,A,6F,行政单间,S-39-A,57,南,14022,15143,15704,17527
A605,A,6F,行政单间,S-47,69,东,14022,15143,15704,17527
A606,A,6F,行政单间,S-39-A,57,东,14022,15143,15704,17527
A607,A,6F,行政单间,S-39-A,57,东,14022,15143,15704,17527
A608,A,6F,行政单间,S-39-A,57,东,14022,15143,15704,17527
A609,A,6F,行政单间,S-39-A,57,东,14022,15143,15704,17527
A610,A,6F,行政单间,S-39-A,57,东,14022,15143,15704,17527
A611,A,6F,行政单间,S-39-A,57,东,15755,17016,17646,19694
A612,A,6F,行政单间,S-39-A,57,东,15755,17016,17646,19694
A613,A,6F,行政单间,S-39-A,57,东,14022,15143,15704,17527
A615,A,6F,行政单间,S-39-A,63,东,14022,15143,15704,17527
A616,A,6F,行政单间,S-39-A,51,东,14022,15143,15704,17527
A617,A,6F,行政单间,S-39-A,57,东,14022,15143,15704,17527
A618,A,6F,行政单间,S-43,63,东,15432,16666,17283,19290
A620,A,6F,行政单间,S-39-A,57,西,14888,16080,16675,18611
A621,A,6F,行政单间,S-39-A,57,西,14650,15822,16408,18312
A622,A,6F,行政单间,S-39-A,57,西,14650,15822,16408,18312
A623,A,6F,行政单间,S-39-A,57,西,14650,15822,16408,18312
A625,A,6F,行政单间,S-39-A,57,西,14650,15822,16408,18312
A626,A,6F,行政单间,S-39-A,57,西,14650,15822,16408,18312
A627,A,6F,行政单间,S-39-A,57,西,14650,15822,16408,18312
A628,A,6F,行政单间,S-39-A,57,西,14650,15822,16408,18312
A629,A,6F,行政单间,S-39-A,57,西,14650,15822,16408,18312
A630,A,6F,行政单间,S-39-A,57,西,14650,15822,16408,18312
A631,A,6F,行政单间,S-39-A,57,西,14650,15822,16408,18312
A632,A,6F,行政单间,S-39-A,57,西,14650,15822,16408,18312
A633,A,6F,行政单间,S-39-A,57,西,14650,15822,16408,18312
A635,A,6F,两房行政公寓,S-55,80,西 南,19819,21405,22197,24774
A636,A,6F,行政单间,S-39-A,57,南,14650,15822,16408,18312
A637,A,6F,行政单间,S-39-A,57,南,14650,15822,16408,18312
A801,A,8F,行政单间,S-35-A,51,南,12837,13864,14378,16046
A802,A,8F,一房豪华式公寓,S-60-A,88,东 南,22000,23760,24640,27500
A803,A,8F,行政单间,S-35-A,51,东,12171,13145,13631,15214
A805,A,8F,行政单间,S-35-A,51,东,12171,13145,13631,15214
A806,A,8F,行政单间,S-35-A,51,东,12171,13145,13631,15214
A807,A,8F,行政单间,S-35-A,51,东,12171,13145,13631,15214
A808,A,8F,行政单间,S-35-A,51,东,12171,13145,13631,15214
A809,A,8F,行政单间,S-35-A,51,东,12171,13145,13631,15214
A810,A,8F,行政单间,S-37-A,54,东,14213,15350,15918,17766
A811,A,8F,一房豪华式公寓,S-48,70,东 北,18000,19440,20160,22500
A812,A,8F,行政单间,S-37-A,54,北,15034,16237,16838,18793
A813,A,8F,行政单间,S-39-A,57,北,15855,17124,17758,19819
A815,A,8F,豪华行政单间,S-46,67,西 北,18593,20081,20824,23242
A816,A,8F,行政单间,S-35-A,51,西,12171,13145,13631,15214
A817,A,8F,行政单间,S-35-A,51,西,12171,13145,13631,15214
A818,A,8F,行政单间,S-35-A,51,西,12171,13145,13631,15214
A819,A,8F,行政单间,S-35-A,51,西,14000,15120,15680,17500
A820,A,8F,行政单间,S-35-A,51,西,14500,15660,16240,18125
A821,A,8F,行政单间,S-35-A,51,西,12171,13145,13631,15214
A822,A,8F,两房行政公寓,S-74,108,西 南,29818,32204,33396,37273
A823,A,8F,一房豪华式公寓,S-50,73,南,20000,21600,22400,25000
A901,A,9F,行政单间,S-35-A,51,南,12887,13918,14434,16109
A902,A,9F,一房豪华式公寓,S-60-A,51,东 南,22100,23868,24752,27625
A903,A,9F,行政单间,S-35-A,51,东,12221,13199,13687,15276
A905,A,9F,行政单间,S-35-A,51,东,12221,13199,13687,15276
A906,A,9F,行政单间,S-35-A,51,东,12221,13199,13687,15276
A907,A,9F,行政单间,S-35-A,51,东,12221,13199,13687,15276
A908,A,9F,行政单间,S-35-A,51,东,12221,13199,13687,15276
A909,A,9F,行政单间,S-35-A,51,东,12221,13199,13687,15276
A910,A,9F,行政单间,S-37-A,54,东,14263,15404,15974,17828
A911,A,9F,一房豪华式公寓,S-48,70,东 北,18100,19548,20272,22625
A912,A,9F,行政单间,S-37-A,54,北,15084,16291,16894,18855
A913,A,9F,行政单间,S-39-A,57,北,15905,17178,17814,19882
A915,A,9F,豪华行政单间,S-46,67,西 北,18643,20135,20880,23304
A916,A,9F,行政单间,S-35-A,51,西,12221,13199,13687,15276
A917,A,9F,行政单间,S-35-A,51,西,12221,13199,13687,15276
A918,A,9F,行政单间,S-35-A,51,西,12221,13199,13687,15276
A919,A,9F,行政单间,S-35-A,51,西,14020,15142,15702,17525
A920,A,9F,行政单间,S-35-A,51,西,14550,15714,16296,18188
A921,A,9F,行政单间,S-35-A,51,西,12221,13199,13687,15276
A922,A,9F,两房行政公寓,S-74,108,西 南,29868,32258,33452,37335
A923,A,9F,一房豪华式公寓,S-50,73,南,20050,21654,22456,25062
B1001,B,10F,一房豪华式公寓,S-55,80,东 南,21200,22896,23744,26500
B1002,B,10F,一房豪华式公寓,N-59-A,86,东 南,22200,23976,24864,27750
B1003,B,10F,一房豪华式公寓,S-46,67,东,18700,20196,20944,23375
B1005,B,10F,一房豪华式公寓,N-40-A,58,东,16100,17388,18032,20125
B1006,B,10F,一房豪华式公寓,N-40-A,58,东 北,15600,16848,17472,19500
B1007,B,10F,豪华单间,N-31,45,北,12670,13684,14191,15838
B1008,B,10F,行政单间,N-34,50,北,14600,15768,16352,18250
B1009,B,10F,一房豪华式公寓,S-50,73,西 北,20100,21708,22512,25125
B1010,B,10F,一房豪华式公寓,S-46,67,西,17700,19116,19824,22125
B1011,B,10F,一房豪华式公寓,S-46,67,西,17700,19116,19824,22125
B1012,B,10F,一房行政豪华式公寓,S-60-A,88,西 南,22700,24516,25424,28375
B1013,B,10F,行政单间,S-35-A,51,南,14040,15163,15725,17550
B1101,B,11F,一房豪华式公寓,S-55,80,东 南,21300,23004,23856,26625
B1102,B,11F,一房豪华式公寓,N-59-A,86,东 南,22300,24084,24976,27875
B1103,B,11F,一房豪华式公寓,S-46,67,东,18800,20304,21056,23500
B1105,B,11F,一房豪华式公寓,N-40-A,58,东,16150,17442,18088,20188
B1106,B,11F,一房豪华式公寓,N-40-A,58,东 北,15650,16902,17528,19562
B1107,B,11F,豪华单间,N-31,45,北,12720,13738,14247,15900
B1108,B,11F,行政单间,N-34,50,北,14650,15822,16408,18312
B1109,B,11F,一房豪华式公寓,S-50,73,西 北,20150,21762,22568,25188
B1110,B,11F,一房豪华式公寓,S-46,67,西,17800,19224,19936,22250
B1111,B,11F,一房豪华式公寓,S-46,67,西,17800,19224,19936,22250
B1112,B,11F,一房行政豪华式公寓,S-60-A,88,西 南,22800,24624,25536,28500
B1113,B,11F,行政单间,S-35-A,51,南,14060,15185,15747,17575
B1201,B,12F,一房豪华式公寓,S-55,80,东 南,21400,23112,23968,26750
B1202,B,12F,一房豪华式公寓,N-59-A,86,东 南,22400,24192,25088,28000
B1203,B,12F,一房豪华式公寓,S-46,67,东,18900,20412,21168,23625
B1205,B,12F,一房豪华式公寓,N-40-A,58,东,16200,17496,18144,20250
B1206,B,12F,一房豪华式公寓,N-40-A,58,东 北,15700,16956,17584,19625
B1207,B,12F,豪华单间,N-31,45,北,12770,13792,14303,15963
B1208,B,12F,行政单间,N-34,50,北,14700,15876,16464,18375
B1209,B,12F,一房豪华式公寓,S-50,67,西 北,20200,21816,22624,25250
B1210,B,12F,一房豪华式公寓,S-46,67,西,17900,19332,20048,22375
B1211,B,12F,一房豪华式公寓,S-46,67,西,17900,19332,20048,22375
B1212,B,12F,一房行政豪华式公寓,S-60-A,88,西 南,22900,24732,25648,28625
B1213,B,12F,行政单间,S-35-A,51,南,14080,15206,15770,17600
B1501,B,15F,一房豪华式公寓,S-55,80,东 南,21500,23220,24080,26875
B1502,B,15F,一房豪华式公寓,N-59-A,86,东 南,22500,24300,25200,28125
B1503,B,15F,一房豪华式公寓,S-46,67,东,19000,20520,21280,23750
B1505,B,15F,一房豪华式公寓,N-40-A,58,东,16250,17550,18200,20312
B1506,B,15F,一房豪华式公寓,N-40-A,58,东 北,15750,17010,17640,19688
B1507,B,15F,豪华单间,N-31,45,北,12820,13846,14359,16025
B1508,B,15F,行政单间,N-34,50,北,14750,15930,16520,18438
B1509,B,15F,一房豪华式公寓,S-50,73,西 北,20250,21870,22680,25312
B1510,B,15F,一房豪华式公寓,S-46,67,西,18000,19440,20160,22500
B1511,B,15F,一房豪华式公寓,S-46,67,西,18000,19440,20160,22500
B1512,B,15F,一房行政豪华式公寓,S-60-A,88,西 南,23000,24840,25760,28750
B1513,B,15F,行政单间,S-35-A,51,南,14100,15228,15792,17625
B1601,B,16F,一房豪华式公寓,S-55,80,北,21600,23328,24192,27000
B1602,B,16F,一房豪华式公寓,N-59-A,86,东,22600,24408,25312,28250
B1603,B,16F,一房豪华式公寓,S-46,67,东,19100,20628,21392,23875
B1605,B,16F,一房豪华式公寓,N-40-A,58,东,16300,17604,18256,20375
B1606,B,16F,一房豪华式公寓,N-40-A,58,南,15800,17064,17696,19750
B1607,B,16F,豪华单间,N-31,45,南,12870,13900,14415,16088
B1608,B,16F,行政单间,N-34,50,南,14800,15984,16576,18500
B1609,B,16F,一房豪华式公寓,S-50,73,西,20300,21924,22736,25375
B1610,B,16F,一房豪华式公寓,S-46,67,西,18100,19548,20272,22625
B1611,B,16F,一房豪华式公寓,S-46,67,西,18100,19548,20272,22625
B1612,B,16F,一房行政豪华式公寓,S-60-A,88,北,23100,24948,25872,28875
B1613,B,16F,行政单间,S-35-A,51,北,14120,15250,15814,17650
B1701,B,17F,一房豪华式公寓,S-55,80,东 南,21700,23436,24304,27125
B1702,B,17F,一房豪华式公寓,N-59-A,86,东,22700,24516,25424,28375
B1703,B,17F,一房豪华式公寓,S-46,67,东,19200,20736,21504,24000
B1705,B,17F,一房豪华式公寓,N-40-B,61,东,17000,18360,19040,21250
B1706,B,17F,一房豪华式公寓,S-49,77,西,18789,20292,21043,23486
B1707,B,17F,一房行政豪华式公寓,S-46,67,西,18500,19980,20720,23125
B1708,B,17F,一房豪华式公寓,S-46,67,西,18500,19980,20720,23125
B1709,B,17F,一房行政豪华式公寓,S-60-A,88,西 南,22500,24300,25200,28125
B1710,B,17F,行政单间,S-35-A,51,南,13200,14256,14784,16500
B1801,B,18F,一房豪华式公寓,S-55,86,东 南,21800,23544,24416,27250
B1802,B,18F,一房豪华式公寓,N-59-A,67,东,22800,24624,25536,28500
B1803,B,18F,一房豪华式公寓,S-46,67,东,19300,20844,21616,24125
B1805,B,18F,一房豪华式公寓,N-40-B,61,东,17100,18468,19152,21375
B1806,B,18F,一房豪华式公寓,S-49,77,西,18839,20346,21099,23548
B1807,B,18F,一房行政豪华式公寓,S-46,67,西,18550,20034,20776,23188
B1808,B,18F,一房豪华式公寓,S-46,67,西,18550,20034,20776,23188
B1809,B,18F,一房行政豪华式公寓,S-60-A,88,西 南,22600,24408,25312,28250
B1810,B,18F,行政单间,S-35-A,51,南,13250,14310,14840,16562
B1907,B,19F,一房豪华式公寓,S-46,67,西,18600,20088,20832,23250
B1908,B,19F,一房豪华式公寓,S-46,67,西,18600,20088,20832,23250
B1909,B,19F,一房行政豪华式公寓,S-60-A,88,西,22700,24516,25424,28375
B1910,B,19F,三房公寓,S-74,134,南,38000,41040,42560,47500
B208,B,2F,豪华单间,N-29-A,42,北,10000,10800,11200,12500
B209,B,2F,一房豪华式公寓,N-48,70,北,16000,17280,17920,20000
B210,B,2F,一房豪华式公寓,N-66,96,西 北,20000,21600,22400,25000
B211,B,2F,一房豪华式公寓,N-59-A,86,西,21000,22680,23520,26250
B212,B,2F,一房豪华式公寓,N-59-A,86,西,21500,23220,24080,26875
B213,B,2F,豪华单间,N-32,47,西,12800,13824,14336,16000
B215,B,2F,一房豪华式公寓,N-57,83,西,18000,19440,20160,22500
B301,B,3F,一房行政豪华式公寓,S-60-A,88,东,24000,25920,26880,30000
B302,B,3F,豪华单间,N-29-A,42,东,11000,11880,12320,13750
B303,B,3F,一房豪华式公寓,N-59-A,86,东,22000,23760,24640,27500
B305,B,3F,一房豪华式公寓,N-59-A,86,东,21000,22680,23520,26250
B306,B,3F,一房豪华式公寓,S-43,63,东,15000,16200,16800,18750
B307,B,3F,一房豪华式公寓,N-45,66,东 北,15000,16200,16800,18750
B308,B,3F,豪华单间,N-29-A,42,北,10100,10908,11312,12625
B309,B,3F,一房豪华式公寓,N-48,70,北,16500,17820,18480,20625
B310,B,3F,一房豪华式公寓,N-66,96,西 北,20200,21816,22624,25250
B311,B,3F,一房豪华式公寓,N-59-A,86,西,21200,22896,23744,26500
B312,B,3F,一房豪华式公寓,N-59-A,86,西,21700,23436,24304,27125
B313,B,3F,豪华单间,N-32,47,西,13000,14040,14560,16250
B315,B,3F,一房行政豪华式公寓,N-60-A,92,西,19000,20520,21280,23750
B501,B,5F,一房行政豪华式公寓,S-60-A,88,东,24200,26136,27104,30250
B502,B,5F,豪华单间,N-29-A,42,东,11200,12096,12544,14000
B503,B,5F,一房豪华式公寓,N-59-A,86,东,22300,24084,24976,27875
B505,B,5F,一房豪华式公寓,N-59-A,86,东,21300,23004,23856,26625
B506,B,5F,一房豪华式公寓,S-43,63,东,15100,16308,16912,18875
B507,B,5F,一房豪华式公寓,N-45,66,东 北,15100,16308,16912,18875
B508,B,5F,豪华单间,N-29-A,42,北,10200,11016,11424,12750
B509,B,5F,一房豪华式公寓,N-48,70,北,17000,18360,19040,21250
B510,B,5F,一房豪华式公寓,N-66,96,西 北,20400,22032,22848,25500
B511,B,5F,一房豪华式公寓,N-59-A,86,西,21400,23112,23968,26750
B512,B,5F,一房豪华式公寓,N-59-A,86,西,21900,23652,24528,27375
B513,B,5F,豪华单间,N-32,47,西,13200,14256,14784,16500
B515,B,5F,一房行政豪华式公寓,N-60-A,92,西,19300,20844,21616,24125
B601,B,6F,一房行政豪华式公寓,S-60-A,88,东,24500,26460,27440,30625
B602,B,6F,豪华单间,N-29-A,42,东,11500,12420,12880,14375
B603,B,6F,一房豪华式公寓,N-59-A,86,东,22500,24300,25200,28125
B605,B,6F,一房豪华式公寓,N-59-A,86,东,21600,23328,24192,27000
B606,B,6F,一房豪华式公寓,S-43,63,东,15200,16416,17024,19000
B607,B,6F,一房豪华式公寓,N-45,66,东 北,15200,16416,17024,19000
B608,B,6F,豪华单间,N-29-A,42,北,10300,11124,11536,12875
B609,B,6F,豪华单间,N-30-A,44,北,12196,13172,13660,15245
B610,B,6F,一房豪华式公寓,S-50,73,西 北,20600,22248,23072,25750
B611,B,6F,一房豪华式公寓,N-59-A,86,西,21600,23328,24192,27000
B612,B,6F,一房豪华式公寓,N-59-A,86,西,22100,23868,24752,27625
B613,B,6F,豪华单间,N-32,47,西,13400,14472,15008,16750
B615,B,6F,一房行政豪华式公寓,N-60-A,92,西,19600,21168,21952,24500
B703,B,7F,一房豪华式公寓,S-46,67,东,18000,19440,20160,22500
B705,B,7F,一房豪华式公寓,N-44,64,东,15775,17037,17668,19719
B706,B,7F,豪华单间,N-33-A,48,东,13341,14408,14942,16676
B707,B,7F,一房豪华式公寓,S-35-A,51,东,12611,13620,14124,15764
B708,B,7F,豪华单间,N-30-A,44,北,12246,13226,13716,15308
B709,B,7F,豪华单间,N-33-A,48,北,13341,14408,14942,16676
B710,B,7F,一房豪华式公寓,S-50,73,西,17965,19403,20121,22457
B711,B,7F,一房豪华式公寓,N-44,64,西,15775,17037,17668,19719
B712,B,7F,一房豪华式公寓,N-44,64,西,15775,17037,17668,19719
B801,B,8F,一房豪华式公寓,S-55,80,东 南,21000,22680,23520,26250
B802,B,8F,一房豪华式公寓,N-59-A,86,东 南,22000,23760,24640,27500
B803,B,8F,一房豪华式公寓,S-46,67,东,18500,19980,20720,23125
B805,B,8F,一房豪华式公寓,N-40-A,58,东,16000,17280,17920,20000
B806,B,8F,一房豪华式公寓,N-40-A,58,东 北,15500,16740,17360,19375
B807,B,8F,豪华单间,N-31,45,北,12570,13576,14079,15713
B808,B,8F,行政单间,N-34,50,北,14500,15660,16240,18125
B809,B,8F,一房豪华式公寓,S-50,73,西 北,20000,21600,22400,25000
B810,B,8F,一房豪华式公寓,S-46,67,西,17500,18900,19600,21875
B811,B,8F,一房豪华式公寓,S-46,67,西,17500,18900,19600,21875
B812,B,8F,一房行政豪华式公寓,S-60-A,88,西 南,22500,24300,25200,28125
B813,B,8F,行政单间,S-35-A,51,南,14000,15120,15680,17500
B901,B,9F,一房豪华式公寓,S-55,80,东 南,21100,22788,23632,26375
B902,B,9F,一房豪华式公寓,N-59-A,86,东 南,22100,23868,24752,27625
B903,B,9F,一房豪华式公寓,S-46,67,东,18600,20088,20832,23250
B905,B,9F,一房豪华式公寓,N-40-A,58,东,16050,17334,17976,20062
B906,B,9F,一房豪华式公寓,N-40-A,58,东 北,15550,16794,17416,19438
B907,B,9F,豪华单间,N-31,45,北,12620,13630,14135,15775
B908,B,9F,行政单间,N-34,50,北,14550,15714,16296,18188
B909,B,9F,一房豪华式公寓,S-50,73,西 北,20050,21654,22456,25062
B910,B,9F,一房豪华式公寓,S-46,67,西,17600,19008,19712,22000
B911,B,9F,一房豪华式公寓,S-46,67,西,17600,19008,19712,22000
B912,B,9F,一房行政豪华式公寓,S-60-A,88,西 南,22600,24408,25312,28250
B913,B,9F,行政单间,S-35-A,51,南,14020,15142,15702,17525
